# n	subject:topic:subtopic	concept (what the question tests)
1	dl:3:0	Hex → binary → octal: regroup the 16 bits in threes from the right.
2	c:0:2	static → data section; malloc then NULL → memory leak; char *ptr[10] → array of addresses; register → CPU register request.
3	algo:0:0	Complexities: Hanoi 2ⁿ, binary search log n, heapsort n log n, matrix addition n².
4	toc:2:2	CFLs are closed under union and difference with a regular language, not complement/intersection.
5	cd:0:0	Compiler phases by input: chars → lexer, tokens → parser, syntax tree → semantic analyzer, IR → code generator.
6	cd:1:2	Parser power: canonical LR > LALR > SLR.
7	os:0:2	Threads of a process share the address space; PC, stack and registers are per thread.
8	os:6:0	Linked and indexed allocation avoid external fragmentation.
9	cn:2:2	RIP is distance vector over UDP; OSPF is link state (runs directly over IP, not TCP).
10	em:1:2	Use f′(1/2) and ∫₀¹ f to solve for R and S.
11	dm:0:0	Translate English to propositional logic ('only if' is the consequent side).
12	dl:3:1	Decode the IEEE-754 single-precision bit pattern.
13	ds:1:1	Circular queue via linked list: rear's next points to front for O(1) operations.
14	c:1:0	Pointer to local x: writes through *ptr change x after y was copied.
15	algo:5:0	Valid BFS order: nodes visited level by level from the start vertex.
16	toc:2:0	Language of S → XY, X → aX | a, Y → aYb | ε: aᵐbⁿ with m > n.
17	dbms:0:0	Merge relationship table into A's table when R is many-to-one from A with total participation of A.
18	cn:3:2	Connected UDP socket talks to one peer; connect can be called again to change it.
19	dbms:0:0	Referential actions (ON DELETE CASCADE / SET NULL) chain: count extra deletions.
20	cn:2:1	IPv4 record-route option: 40-byte options field holds at most 9 addresses.
21	dm:3:1	Check if the poset is already a lattice (LUB/GLB exist for every pair).
22	em:0:0	Rank of P + Q.
23	dm:5:0	Handshake: 2·25 ≥ 3n ⇒ max n = 16.
24	dl:3:0	Base b from roots 5 and 6: sum 11 = 13_b, product 30 = 36_b.
25	toc:0:0	Min DFA for w₁ a w₂ with |w₁| = 2, |w₂| ≥ 3: count positional states.
26	em:2:0	Bayes: P(P' | Q') from the given conditional probabilities.
27	dl:0:0	Simplify each Boolean identity and find the incorrect one.
28	dl:0:1	K-map with don't cares: minimal product-of-sums form.
29	coa:2:1	Two-level cache AMAT with L1 miss rate twice L2's: solve for the miss rates.
30	algo:0:1	T(n) = 2T(√n) + 1: substitute n = 2ᵐ ⇒ Θ(log n).
31	em:2:1	Probability generating function (1 − β + βz)ᴺ is Binomial(N, β): mean Nβ.
32	cd:1:0	Remove left recursion (E → TX, X → −TX | ε …) while keeping the grammar equivalent.
33	os:3:1	Banker's safety check with 9 tape drives: safe and not deadlocked.
34	cn:1:0	Minimum Hamming distance p of the code; corrects ⌊(p − 1)/2⌋ errors.
35	cn:0:1	Transmission delay = size/rate; propagation delay = distance/speed.
36	ds:3:1	BST from preorder (inorder = sorted) → postorder traversal.
37	c:0:1	Loop invariant x == y·q + r holds if q = 0 and r = x initially (y > 0 for termination).
38	algo:0:2	Inner loop runs n/i times ⇒ Σ n/i = Θ(n log n).
39	toc:0:0	ε-NFA extended transition: follow ε-closures after each symbol.
40	toc:2:2	aᵖ (p prime) is not CFL; aⁿbⁿc²ⁿ is not CFL but recursive; aⁿbⁿ is DCFL.
41	toc:3:1	Decidability: CFG emptiness decidable; L(G) = Σ* and TM membership undecidable.
42	dl:2:1	Saturating counter with T flip-flops: T = Q ⊕ Q⁺ for each bit.
43	c:1:1	Trace the bidirectional bubble passes and print array[3].
44	dbms:4:0	Count interleavings of T1 and T2 that are conflict serializable.
45	coa:2:1	Average read time with split I/D caches, L2 and main memory (60% instruction reads).
46	dbms:1:2	> ALL of an empty set is true; > ANY of Germany's goals: count players.
47	dm:6:2	Coefficients of (1 + z)/(1 − z)³: a₃ − a₀.
48	em:2:2	Poisson: E[(X + 2)²] = Var + (mean + 2)².
49	dbms:3:1	B+ tree order from block, key and pointer sizes.
50	algo:3:0	Huffman coding: expected bits = Σ frequency × code length for 100 characters.
51	os:1:0	Preemptive priority scheduling: average waiting time.
52	em:0:2	Characteristic polynomial with root 2 ⇒ find a, then the other eigenvalues.
53	coa:2:2	Direct-mapped cache tag = 32 − index(9) − offset(5).
54	c:0:0	Pre/post increment and compound assignment: trace n.
55	c:1:1	Pointer/array expression c + 2[p] − 6[p] − 1 on a string, then strlen.
56	ga:0:1	Pick the pair of words that are not synonyms.
57	ga:0:0	Word order: 'bright enough to be seen'.
58	ga:2:1	Arrange buildings from east/west clues and find the middle one.
59	ga:1:0	Linear equations: 3m + 11e = 100 with m + e = 20.
60	ga:1:2	Probability two socks share colour: Σ C(k,2)/C(10,2).
61	ga:0:2	Word revealing the author's view: 'seemingly' (more urgent).
62	ga:2:0	All labels wrong: open the 'Apples and Oranges' box.
63	ga:1:1	Digits of X³ for a 30-digit X starting with 47: log estimate.
64	ga:1:4	Count roots of eˣ + 0.5x² − 2 on [−5, 5] by sign changes.
65	ga:1:3	Contour plot: thunderstorm where pressure changes fastest (closest contours).
